<?xml version="1.0" encoding="UTF-8" standalone="no"?>
<beans xmlns="http://www.springframework.org/schema/beans"
	xmlns:aop="http://www.springframework.org/schema/aop" xmlns:context="http://www.springframework.org/schema/context"
	xmlns:jee="http://www.springframework.org/schema/jee" xmlns:security="http://www.springframework.org/schema/security"
	xmlns:tx="http://www.springframework.org/schema/tx" xmlns:xsi="http://www.w3.org/2001/XMLSchema-instance"
	xsi:schemaLocation="http://www.springframework.org/schema/beans       http://www.springframework.org/schema/beans/spring-beans-2.5.xsd       http://www.springframework.org/schema/aop       http://www.springframework.org/schema/aop/spring-aop-2.5.xsd       http://www.springframework.org/schema/tx       http://www.springframework.org/schema/tx/spring-tx-2.5.xsd       http://www.springframework.org/schema/context        http://www.springframework.org/schema/context/spring-context-2.5.xsd       http://www.springframework.org/schema/jee       http://www.springframework.org/schema/jee/spring-jee-2.5.xsd       http://www.springframework.org/schema/security        http://www.springframework.org/schema/security/spring-security-2.0.1.xsd">




	<!-- ******************************************************************** -->
	<!-- This context file was generated and is not intended to be changed manually. -->
	<!-- ******************************************************************** -->

	<!-- ******************************************************************** -->
	<!-- Scan for dao layer annotated beans -->
	<!-- ******************************************************************** -->
	<context:component-scan base-package="com.login.dao"
		scoped-proxy="interfaces" />

	<!-- ******************************************************************** -->
	<!-- Mark bean transactions as annotation driven -->
	<!-- ******************************************************************** -->
	<tx:annotation-driven transaction-manager="transactionManager" />

	<!-- ******************************************************************** -->
	<!-- PropertyConfigurer for the DAO -->
	<!-- ******************************************************************** -->
	<bean
		class="org.springframework.beans.factory.config.PropertyPlaceholderConfigurer"
		id="propertyConfigurer">
		<property name="location" value="classpath:Login-dao.properties" />
	</bean>

	<!-- ******************************************************************** -->
	<!-- Setup the transaction manager -->
	<!-- ******************************************************************** -->
	<!-- Using Atomikos Transaction Manager -->
	<bean class="com.atomikos.icatch.jta.UserTransactionManager"
		destroy-method="close" id="atomikosTransactionManager" init-method="init">
		<property name="forceShutdown" value="true" />
		<property name="startupTransactionService" value="true" />
		<property name="transactionTimeout" value="60" />
	</bean>

	<bean class="com.atomikos.icatch.jta.UserTransactionImp" id="atomikosUserTransaction" />

	<!-- Configure the Spring framework to use JTA transactions from Atomikos -->
	<bean class="org.springframework.transaction.jta.JtaTransactionManager"
		id="transactionManager">
		<property name="transactionManager" ref="atomikosTransactionManager" />
		<property name="userTransaction" ref="atomikosUserTransaction" />
		<property name="transactionSynchronizationName" value="SYNCHRONIZATION_ON_ACTUAL_TRANSACTION" />
	</bean>

	<!-- ******************************************************************** -->
	<!-- Setup a data source -->
	<!-- ******************************************************************** -->




	<!-- Using Apache DBCP Data Sources -->
	<bean class="org.apache.commons.dbcp.BasicDataSource"
		destroy-method="close" name="MySQL___LoginDS,springSecurityDataSource">
		<property name="driverClassName" value="${MySQL___Login.connection.driver_class}" />
		<property name="username" value="${MySQL___Login.connection.username}" />
		<property name="password" value="${MySQL___Login.connection.password}" />
		<property name="url" value="${MySQL___Login.connection.url}" />
		<property name="maxIdle" value="${MySQL___Login.minPoolSize}" />
		<property name="maxActive" value="${MySQL___Login.maxPoolSize}" />
	</bean>



	<!-- ******************************************************************** -->
	<!-- Setup each persistence unit -->
	<!-- ******************************************************************** -->



	<!-- Configure a JPA vendor adapter -->
	<bean class="org.springframework.orm.jpa.vendor.HibernateJpaVendorAdapter"
		id="MySQL___LoginJPAVendorAdapter">
		<property name="showSql" value="${MySQL___Login.show_sql}" />
		<property name="generateDdl" value="${MySQL___Login.generateDdl}" />
		<property name="databasePlatform" value="${MySQL___Login.dialect}" />
	</bean>
	<!-- EntityManager Factory that brings together the persistence unit, datasource, 
		and JPA Vendor -->
	<bean
		class="org.springframework.orm.jpa.LocalContainerEntityManagerFactoryBean"
		id="MySQL___Login">
		<property name="dataSource" ref="MySQL___LoginDS" />
		<property name="persistenceUnitName" value="MySQL___Login" />
		<property name="jpaVendorAdapter" ref="MySQL___LoginJPAVendorAdapter" />
		<property name="jpaPropertyMap">
			<map>
				<entry key="hibernate.transaction.manager_lookup_class"
					value="com.atomikos.icatch.jta.hibernate3.TransactionManagerLookup" />
				<entry key="hibernate.connection.release_mode" value="on_close" />
			</map>
		</property>
	</bean>



</beans>
