<?xml version="1.0" encoding="UTF-8"?>
<beans:beans xmlns="http://www.springframework.org/schema/security" 
	xmlns:beans="http://www.springframework.org/schema/beans"
	xmlns:xsi="http://www.w3.org/2001/XMLSchema-instance"
	xmlns:context="http://www.springframework.org/schema/context" 
	xmlns:lang="http://www.springframework.org/schema/lang"
	xsi:schemaLocation="http://www.springframework.org/schema/beans
		http://www.springframework.org/schema/beans/spring-beans-3.0.xsd
    	http://www.springframework.org/schema/security 
		http://www.springframework.org/schema/security/spring-security-3.0.xsd
      	http://www.springframework.org/schema/context 
      	http://www.springframework.org/schema/context/spring-context-3.0.xsd">

	<!-- ******************************************************************** -->
	<!-- This context file was generated and is not intended to be changed manually. -->
	<!-- ******************************************************************** -->

	<http auto-config="true" >
		<intercept-url pattern='/pages/login.jsp' />
		<intercept-url pattern="/*" access="IS_AUTHENTICATED_REMEMBERED" />
		<form-login login-page="/pages/login.jsp" authentication-failure-url="/pages/login.jsp?login_error=true"  /> 
		<logout logout-success-url="/pages/logout-redirect.jsp" invalidate-session="true" />
		<remember-me key="LoginRMKey" user-service-ref="userDetailsService" />
	</http>
	
	<authentication-manager alias="authenticationManager" >
	<authentication-provider user-service-ref="UserService" >
		<password-encoder hash="plaintext"/>
	</authentication-provider>
	</authentication-manager>
	
	<beans:bean id="userDetailsService" class="org.springframework.security.core.userdetails.jdbc.JdbcDaoImpl">
		<beans:property name="rolePrefix" value="ROLE_" />
		<beans:property name="dataSource" ref="springSecurityDataSource" />
		<beans:property name="usersByUsernameQuery" value="SELECT username,password,enabled FROM user WHERE username = ?" />
		<beans:property name="authoritiesByUsernameQuery" value="SELECT u.username, a.name FROM user u JOIN user_authorities ua on u.id = ua.user_id JOIN authorities a on ua.authorities_id = a.id WHERE u.username = ?" />
	</beans:bean>	
		
	<!-- ******************************************************************** -->
	<!-- Apply security for all beans where security was set -->
	<!-- ******************************************************************** -->
	<global-method-security >
		<protect-pointcut expression="execution(* com.login.service.UserService.*(..))" access="IS_AUTHENTICATED_REMEMBERED"/>
		<!--protect-pointcut expression="execution(* com.login.dao.AuthoritiesDAO.*(..))" access="IS_AUTHENTICATED_REMEMBERED"/-->
		<!--protect-pointcut expression="execution(* com.login.dao.UserDAO.*(..))" access="IS_AUTHENTICATED_REMEMBERED"/-->
		<!--protect-pointcut expression="execution(* com.login.dao.UserinfoDAO.*(..))" access="IS_AUTHENTICATED_REMEMBERED"/-->
	</global-method-security>
</beans:beans>