<?xml version="1.0" encoding="UTF-8"?>
<beans xmlns="http://www.springframework.org/schema/beans"
	xmlns:xsi="http://www.w3.org/2001/XMLSchema-instance"
	xmlns:jaxws="http://cxf.apache.org/jaxws"
	xmlns:cxf="http://cxf.apache.org/core"
	xmlns:http="http://cxf.apache.org/transports/http/configuration"
	xmlns:context="http://www.springframework.org/schema/context"
	xsi:schemaLocation="http://www.springframework.org/schema/beans 
		http://www.springframework.org/schema/beans/spring-beans-2.5.xsd
		http://cxf.apache.org/jaxws http://cxf.apache.org/schemas/jaxws.xsd
		http://cxf.apache.org/core http://cxf.apache.org/schemas/core.xsd
		http://www.springframework.org/schema/context http://www.springframework.org/schema/context/spring-context-2.5.xsd
		http://cxf.apache.org/transports/http/configuration http://cxf.apache.org/schemas/configuration/http-conf.xsd">
	<import resource="classpath:META-INF/cxf/cxf.xml" />
	<import resource="classpath:META-INF/cxf/cxf-extension-soap.xml" />
	<import resource="classpath:META-INF/cxf/cxf-servlet.xml" />
	
	

    <bean id="org.skyway.spring.util.webservice.cxf.WSSecurityOutInterceptor" class="org.skyway.spring.util.webservice.cxf.WSSecurityOutInterceptor"/>
	<bean id="org.skyway.spring.util.webservice.cxf.SpringSecurityCallbackHandler" class="org.skyway.spring.util.webservice.cxf.SpringSecurity3xCallbackHandler" >
		<property name="authenticationManager">
			<ref bean="authenticationManager" />
		</property>
	</bean>
    <bean id="org.skyway.spring.util.webservice.cxf.WSSecurityInInterceptor" class="org.skyway.spring.util.webservice.cxf.WSSecurityInInterceptor">
		<property name="callbackHandler">
			<ref bean="org.skyway.spring.util.webservice.cxf.SpringSecurityCallbackHandler" />
		</property>
		<property name="securedServiceEndPointNames">
			<list>
				<value>IUserServiceEndpoint</value>
			</list>
		</property>
    </bean>

    <cxf:bus>
        <cxf:outInterceptors>
            <ref bean="org.skyway.spring.util.webservice.cxf.WSSecurityOutInterceptor"/>
        </cxf:outInterceptors>
        <cxf:inInterceptors>
            <ref bean="org.skyway.spring.util.webservice.cxf.WSSecurityInInterceptor"/>
        </cxf:inInterceptors>
        <!-- Uncomment to enable logging of incoming/outgoing requests
		<cxf:features > 
			<cxf:logging /> 
		</cxf:features>
		-->
    </cxf:bus>

  	<http:conduit name="*.http-conduit">
  		<http:basicAuthSupplier class="org.skyway.spring.util.webservice.cxf.HttpBasicAuthenticationSupplier" />
  	</http:conduit>
	

</beans>