<?xml version="1.0" encoding="UTF-8"?>
<services-config>

    <services>
        <default-channels>
           <channel ref="amf"/>
        </default-channels>
    </services>

    <channels>

        <channel-definition id="amf" class="mx.messaging.channels.AMFChannel">
            <endpoint url="http://{server.name}:{server.port}/{context.root}/messagebroker/amf" class="flex.messaging.endpoints.AMFEndpoint"/>
        </channel-definition>

        <channel-definition id="secure-amf" class="mx.messaging.channels.SecureAMFChannel">
            <endpoint url="https://{server.name}:{server.port}/{context.root}/messagebroker/amfsecure" class="flex.messaging.endpoints.SecureAMFEndpoint"/>
            <properties>
                <add-no-cache-headers>false</add-no-cache-headers>
            </properties>
        </channel-definition>

        <channel-definition id="polling-amf" class="mx.messaging.channels.AMFChannel">
            <endpoint url="http://{server.name}:{server.port}/{context.root}/messagebroker/amfpolling" class="flex.messaging.endpoints.AMFEndpoint"/>
            <properties>
                <polling-enabled>true</polling-enabled>
                <polling-interval-seconds>4</polling-interval-seconds>
            </properties>
        </channel-definition>
        
		<channel-definition id="longpolling-amf" class="mx.messaging.channels.AMFChannel">
			<endpoint url="http://{server.name}:{server.port}/{context.root}/messagebroker/amflongpolling" class="flex.messaging.endpoints.AMFEndpoint"/>
			<properties>
				<polling-enabled>true</polling-enabled>
				<polling-interval-seconds>5</polling-interval-seconds>
				<wait-interval-millis>60000</wait-interval-millis>
				<client-wait-interval-millis>1</client-wait-interval-millis>
				<max-waiting-poll-requests>200</max-waiting-poll-requests>
			</properties>
		</channel-definition>        

        <channel-definition id="streaming-amf" class="mx.messaging.channels.StreamingAMFChannel">
            <endpoint url="http://{server.name}:{server.port}/{context.root}/messagebroker/streamingamf" class="flex.messaging.endpoints.StreamingAMFEndpoint"/>
        </channel-definition>

    </channels>

    <logging>
        <target class="flex.messaging.log.ConsoleTarget" level="Warn">
            <properties>
                <prefix>[BlazeDS] </prefix>
                <includeDate>false</includeDate>
                <includeTime>false</includeTime>
                <includeLevel>false</includeLevel>
                <includeCategory>false</includeCategory>
            </properties>
            <filters>
                <pattern>Endpoint.*</pattern>
                <pattern>Service.*</pattern>
                <pattern>Configuration</pattern>
            </filters>
        </target>
    </logging>

    <system>
        <redeploy>
            <enabled>false</enabled>
        </redeploy>
    </system>

</services-config>
